round,slice,frame,object_ref,cell,what,why,severity,owner,rule_id,evidence,action,rules_version,note
calib,C0,adasind_019560.jpg,L5,na,SPURIOUS,,,,,,,,
r1_craft,B2-mid,adasind_060000.jpg,L8,L_only,BOX_GEOMETRY,E1_annotator_error,P1,annotator,R02,Box xe ba banh chua sat mep cong fisheye,rework,v1.0.0,Tu sua khi craft
r1_craft,B2-mid,adasind_086220.jpg,L2,L_only,ATTRIBUTE,E1_annotator_error,P2,annotator,R03,Xe may co nguoi lai can gop ca nguoi,keep_with_reason,v1.0.0,Da gop theo luat rider
r1_craft,B2-mid,adasind_102750.jpg,L3,L_only,ATTRIBUTE,E1_annotator_error,P2,annotator,R05,Duoi xe tai bi che mot phan boi ThreeWheeler,rework,v1.0.0,Gan occluded=1
r2_qa,B2-mid,adasind_086220.jpg,L11,L_only,ATTRIBUTE,,P2,annotator,R05,Cham vong kinh lens_border nhung truncated=0,rework,v1.0.0,Can bo sung truncated=1
r2_qa,B2-mid,adasind_086220.jpg,L9,L_only,WRONG_CLASS,,P1,annotator,R04,Van cho nguoi o xa gan nhan Bus thay vi Car,rework,v1.0.0,Can doi sang Car hoac bo qua vi H duoi 40
r2_qa,B2-mid,adasind_060000.jpg,L1,L_only,BOX_GEOMETRY,,P2,annotator,R01,H=34.9px duoi nguong 40px va box chua sat banh xe,rework,v1.0.0,Chinh lai geometry hoac bo bot
r1_craft,B2-mid,adasind_060000.jpg,R9,na,MISSING,,,,,,,,
r1_craft,B2-mid,adasind_086220.jpg,L6+R1,na,ATTRIBUTE,,,,,,,,
r1_craft,B2-mid,adasind_086220.jpg,L3,na,SPURIOUS,,,,,,,,
r1_craft,B2-mid,adasind_086220.jpg,L5,na,SPURIOUS,,,,,,,,
r1_craft,B2-mid,adasind_086220.jpg,R4,na,MISSING,,,,,,,,
r1_craft,B2-mid,adasind_102750.jpg,L1,na,SPURIOUS,,,,,,,,
r1_craft,B2-mid,adasind_102750.jpg,L3+R2,na,WRONG_CLASS,,,,,,,,
r1_craft,B2-mid,adasind_102750.jpg,L6,na,SPURIOUS,,,,,,,,
r1_craft,B2-mid,adasind_102750.jpg,R5,na,MISSING,,,,,,,,
r3_diag,B2-mid,adasind_060000.jpg,L8+R4,LR_noM,MISSING,E4_model_domain,P1,ai_team,R01,Model FN bo sot vat the nguoi va ref deu thay,keep_with_reason,v1.0.0,
r3_diag,B2-mid,adasind_060000.jpg,L5+R2,LR_noM,MISSING,E4_model_domain,P1,ai_team,R01,Model FN bo sot vat the nguoi va ref deu thay,keep_with_reason,v1.0.0,
r3_diag,B2-mid,adasind_060000.jpg,L7+R3,LR_noM,MISSING,E4_model_domain,P1,ai_team,R01,Model FN bo sot vat the nguoi va ref deu thay,keep_with_reason,v1.0.0,
r3_diag,B2-mid,adasind_060000.jpg,L9+R8,LR_noM,MISSING,E4_model_domain,P1,ai_team,R01,Model FN bo sot vat the nguoi va ref deu thay,keep_with_reason,v1.0.0,
r3_diag,B2-mid,adasind_060000.jpg,L6+R1,LR_noM,MISSING,E4_model_domain,P1,ai_team,R01,Model FN bo sot vat the nguoi va ref deu thay,keep_with_reason,v1.0.0,
r3_diag,B2-mid,adasind_060000.jpg,R9,R_only,MISSING,E1_annotator_error,P1,annotator,R01,Annotator bo sot vat the co trong reference,rework,v1.0.0,
r3_diag,B2-mid,adasind_060000.jpg,M2,M_only,SPURIOUS,E4_model_domain,P2,ai_team,R01,Model FP do do lech domain anh fisheye,keep_with_reason,v1.0.0,
r3_diag,B2-mid,adasind_060000.jpg,M3,M_only,SPURIOUS,E4_model_domain,P2,ai_team,R01,Model FP do do lech domain anh fisheye,keep_with_reason,v1.0.0,
r3_diag,B2-mid,adasind_060000.jpg,M7,M_only,SPURIOUS,E4_model_domain,P2,ai_team,R01,Model FP do do lech domain anh fisheye,keep_with_reason,v1.0.0,
r3_diag,B2-mid,adasind_060000.jpg,M9,M_only,SPURIOUS,E4_model_domain,P2,ai_team,R01,Model FP do do lech domain anh fisheye,keep_with_reason,v1.0.0,
r3_diag,B2-mid,adasind_060000.jpg,M10,M_only,SPURIOUS,E4_model_domain,P2,ai_team,R01,Model FP do do lech domain anh fisheye,keep_with_reason,v1.0.0,
r3_diag,B2-mid,adasind_060000.jpg,M11,M_only,SPURIOUS,E4_model_domain,P2,ai_team,R01,Model FP do do lech domain anh fisheye,keep_with_reason,v1.0.0,
r3_diag,B2-mid,adasind_060000.jpg,M12,M_only,SPURIOUS,E4_model_domain,P2,ai_team,R01,Model FP do do lech domain anh fisheye,keep_with_reason,v1.0.0,
r3_diag,B2-mid,adasind_086220.jpg,L6+R1,LR_noM,MISSING,E4_model_domain,P1,ai_team,R01,Model FN bo sot vat the nguoi va ref deu thay,keep_with_reason,v1.0.0,
r3_diag,B2-mid,adasind_086220.jpg,L4+R5,LR_noM,MISSING,E4_model_domain,P1,ai_team,R01,Model FN bo sot vat the nguoi va ref deu thay,keep_with_reason,v1.0.0,
r3_diag,B2-mid,adasind_086220.jpg,L3,L_only,SPURIOUS,E1_annotator_error,P2,annotator,R01,Annotator ve box duoi nguong hoac khong co vat,rework,v1.0.0,
r3_diag,B2-mid,adasind_086220.jpg,L5,L_only,SPURIOUS,E1_annotator_error,P2,annotator,R01,Annotator ve box duoi nguong hoac khong co vat,rework,v1.0.0,
r3_diag,B2-mid,adasind_086220.jpg,R4,R_only,MISSING,E1_annotator_error,P1,annotator,R01,Annotator bo sot vat the co trong reference,rework,v1.0.0,
r3_diag,B2-mid,adasind_086220.jpg,M2,M_only,SPURIOUS,E4_model_domain,P2,ai_team,R01,Model FP do do lech domain anh fisheye,keep_with_reason,v1.0.0,
r3_diag,B2-mid,adasind_086220.jpg,M3,M_only,SPURIOUS,E4_model_domain,P2,ai_team,R01,Model FP do do lech domain anh fisheye,keep_with_reason,v1.0.0,
r3_diag,B2-mid,adasind_086220.jpg,M5,M_only,SPURIOUS,E4_model_domain,P2,ai_team,R01,Model FP do do lech domain anh fisheye,keep_with_reason,v1.0.0,
r3_diag,B2-mid,adasind_086220.jpg,M6,M_only,SPURIOUS,E4_model_domain,P2,ai_team,R01,Model FP do do lech domain anh fisheye,keep_with_reason,v1.0.0,
r3_diag,B2-mid,adasind_086220.jpg,M7,M_only,SPURIOUS,E4_model_domain,P2,ai_team,R01,Model FP do do lech domain anh fisheye,keep_with_reason,v1.0.0,
r3_diag,B2-mid,adasind_086220.jpg,M8,M_only,SPURIOUS,E4_model_domain,P2,ai_team,R01,Model FP do do lech domain anh fisheye,keep_with_reason,v1.0.0,
r3_diag,B2-mid,adasind_102750.jpg,L5+R3,LR_noM,MISSING,E4_model_domain,P1,ai_team,R01,Model FN bo sot vat the nguoi va ref deu thay,keep_with_reason,v1.0.0,
r3_diag,B2-mid,adasind_102750.jpg,L4+R4,LR_noM,MISSING,E4_model_domain,P1,ai_team,R01,Model FN bo sot vat the nguoi va ref deu thay,keep_with_reason,v1.0.0,
r3_diag,B2-mid,adasind_102750.jpg,L1,L_only,SPURIOUS,E1_annotator_error,P2,annotator,R01,Annotator ve box duoi nguong hoac khong co vat,rework,v1.0.0,
r3_diag,B2-mid,adasind_102750.jpg,L3,L_only,SPURIOUS,E1_annotator_error,P2,annotator,R01,Annotator ve box duoi nguong hoac khong co vat,rework,v1.0.0,
r3_diag,B2-mid,adasind_102750.jpg,L6,L_only,SPURIOUS,E1_annotator_error,P2,annotator,R01,Annotator ve box duoi nguong hoac khong co vat,rework,v1.0.0,
r3_diag,B2-mid,adasind_102750.jpg,R2+M2,RM_noL,MISSING,E1_annotator_error,P1,annotator,R01,Annotator bo sot vat the co trong reference,rework,v1.0.0,
r3_diag,B2-mid,adasind_102750.jpg,R5+M8,RM_noL,MISSING,E1_annotator_error,P1,annotator,R01,Annotator bo sot vat the co trong reference,rework,v1.0.0,
r3_diag,B2-mid,adasind_102750.jpg,M3,M_only,SPURIOUS,E4_model_domain,P2,ai_team,R01,Model FP do do lech domain anh fisheye,keep_with_reason,v1.0.0,
r3_diag,B2-mid,adasind_102750.jpg,M4,M_only,SPURIOUS,E4_model_domain,P2,ai_team,R01,Model FP do do lech domain anh fisheye,keep_with_reason,v1.0.0,
r3_diag,B2-mid,adasind_102750.jpg,M5,M_only,SPURIOUS,E4_model_domain,P2,ai_team,R01,Model FP do do lech domain anh fisheye,keep_with_reason,v1.0.0,
r3_diag,B2-mid,adasind_102750.jpg,M6,M_only,SPURIOUS,E4_model_domain,P2,ai_team,R01,Model FP do do lech domain anh fisheye,keep_with_reason,v1.0.0,
r3_diag,B2-mid,adasind_102750.jpg,M7,M_only,SPURIOUS,E4_model_domain,P2,ai_team,R01,Model FP do do lech domain anh fisheye,keep_with_reason,v1.0.0,
